{
  "assembly": [
    "VideoPlayer.dll"
  ],
  "javascript": [
    "Resources\\VideoPlayer.js"
  ],
  "css": [],
  "image": "Resources\\PluginLogo.png",
  "description": "VideoPlayerCellType can play the video.",
  "description_ja": "MP4などの動画ファイルを再生するセル型です。",
  "description_cn": "本单元格类型可以进行视频播放。",
  "description_kr": "동영상 파일을 재성할 수 있도록 지원하는 셀 형식을 이용하여 웹페이지에서 비디오를 보여줄 수 있습니다.",
  "name": "VideoPlayer",
  "name_ja": "動画ファイルプレイヤー型セル",
  "name_cn": "视频播放",
  "pluginType": "cellType",
  "guid": "fe96517c-2995-4231-b99f-9bc8eff189b2",
  "version": "5.0.104.0",
  "dependenceVersion": "5.0.104.0"
}