{
  "assembly": [
    "SendDingTalkMessage.dll"
  ],
  "javascript": [
    "Resources\\SendDingTalkMessage.js"
  ],
  "css": [],
  "serverApiAssembly": [
    "SendDingTalkMessage.dll"
  ],
  "image": "Resources\\PluginLogo.png",
  "description": "This command can send DingTalk message.",
  "name": "SendDingTalkMessage",
  "description_cn": "该命令可以发送钉钉消息。",
  "description_kr": "중국의 국민 메신저인 DingTalk 메신저로 메시지를 보낼 수 있습니다.",
  "name_cn": "发送钉钉消息",
  "name_kr": "DingTalk 메시지 보내기",
  "pluginType": "command",
  "guid": "902ae385-6dbd-40e9-a0d6-a77b1e61f2a9",
  "version": "5.0.104.0",
  "dependenceVersion": "5.0.104.0"
}