﻿{
  "assembly": [
    "ForguncyPluginDataTypeTest.dll"
  ],
  "javascript": [
    "Resources\\ForguncyPluginDataTypeTest.js"
  ],
  "css": [],
  "image": "Resources\\ForguncyPluginDataTypePluginLogo.png",
  "description": "포건시 플러그인의 자료형(DataType)을 볼 수 있는 예제입니다.",
  "name": "포건시 플러그인 자료형 예제",
  "pluginType": "cellType",
  "guid": "feec8ba6-c71e-42b2-83f8-cbe04eb271a0",
  "version": "1.0.0.0",
  "dependenceVersion": "6.0.100.0"
}
