{
  "assembly": [
    "HtmlRichEditor.dll"
  ],
  "javascript": [
    "Resources\\tinymce\\tinymce.min.js",
    "Resources\\HtmlRichEditor.js"
  ],
  "css": [
    "Resources\\HtmlRichEditorStyle.css"
  ],
  "image": "Resources\\Image.png",
  "description": "Edit the rich value and show as html",
  "description_cn": "复合编辑器，将内容保存成Html格式。",
  "description_kr": "편리한 편집기를 이용하여 각종 서식을 입력하고, html 마크업으로 표시할 수 있습니다.",
  "description_ja": "リッチテキストを編集するセル型です。",
  "name": "HtmlRichEditor",
  "name_cn": "Html编辑器",
  "name_kr": "HtmlRichEditor",
  "name_ja": "リッチテキストエディター型セル",
  "pluginType": "cellType",
  "guid": "6ce61862-5a45-45c0-a57e-9ad2f2794226",
  "version": "5.0.104.0",
  "dependenceVersion": "5.0.104.0"
}