{
  "assembly": [
    "SetCurrentRowCommand.dll"
  ],
  "javascript": [
    "Resources\\SetCurrentRowCommand.js"
  ],
  "css": [],
  "image": "Resources\\PluginLogo.png",
  "description": "Change one table's current row.",
  "description_cn": "改变某表的当前行记录。",
  "description_ja": "テーブルのカレントレコードを設定するコマンドです。",
  "description_kr": "한 표의 현재 행 설정을 변경하는 명령을 작성할 수 있습니다.",
  "name": "SetCurrentRowCommand",
  "name_cn": "设置当前行命令",
  "name_ja": "カレントレコードの設定コマンド",
  "name_kr": "현재 행 설정 변경 명령",
  "pluginType": "command",
  "guid": "7b477d82-ff3b-4cbc-ab0b-1792e3b4b01f",
  "version": "5.0.104.0",
  "dependenceVersion": "5.0.104.0"
}