﻿{
  "assembly": [
    "LayDateCellType.dll"
  ],
  "javascript": [
    "Resources\\LayDateCellType.js",
    "Resources\\laydate.js"
  ],
  "css": [
    "Resources\\theme\\default\\laydate.css"
  ],
  "image": "Resources\\PluginLogo.png",
  "description": "LayDate는 예쁜 달력 모양의 UI 컨트롤을 웹상에서 사용할 수 있도록 해 주는 도구입니다.",
  "name": "LayDate달력",
  "pluginType": "cellType",
  "guid": "28e02c2d-d03e-4316-8129-96e55f181980",
  "version": "1.0.0.0",
  "dependenceVersion": "6.0.100.0"
}
